query,clicks,impressions,ctr,position
custom cursor for android,136,287,0.4739,2.1
icon png,1043,12692,0.0822,4.1
tiktok blue tick injector,1289,2885,0.4468,1.7
icon pack for windows 11,115,342,0.3363,3.5
custom mouse pointer,111,1842,0.0603,6.9
favicon free,94,595,0.158,4.0
custom icons,569,2430,0.2342,4.1
ico download,94,1224,0.0768,5.9
icon8. com,240,286,0.8392,1.0
free favicon,88,493,0.1785,3.2
icon finder,369,9159,0.0403,4.7
icon8 logo,99,118,0.839,1.9
custom cursors,623,19474,0.032,6.5
free icons,3790,49369,0.0768,5.0
freeicon,179,4342,0.0412,3.9
desktop icon download,117,295,0.3966,2.8
8icons,324,848,0.3821,1.6
icons free download,466,2249,0.2072,2.7
free icon,2677,24736,0.1082,3.7
icons for ppt,107,919,0.1164,4.4
icon8,10031,16815,0.5966,1.2
custom cursor for mac,227,1223,0.1856,4.2
verified badge copy and paste,314,1251,0.251,2.4
ai icons,95,2351,0.0404,4.5
free icons svg,180,1995,0.0902,4.9
apple logo copy,433,16375,0.0264,6.0
icon free download,454,2015,0.2253,2.6
free svg,776,14205,0.0546,5.6
free favicons,160,493,0.3245,1.9
instagram blue tick copy,6763,13485,0.5015,1.1
free icons download,981,4599,0.2133,4.9
icons8 background remover,99,219,0.4521,2.2
icon,8458,210720,0.0401,5.8
free icons png,195,1372,0.1421,4.2
icon maker,795,7531,0.1056,5.3
shazam,1353,275417,0.0049,2.5
icons8,26306,47876,0.5495,1.4
shein,756,516874,0.0015,3.2
free icon download,860,3479,0.2472,2.9
graphic design trends 2027,139,501,0.2774,2.3
app icons,239,7807,0.0306,7.1
crosshair cursor,107,1244,0.086,6.6
icons svg,334,3989,0.0837,4.3
download free icons,185,857,0.2159,6.6
icon pack download,143,600,0.2383,3.8
icon download,1671,9979,0.1675,2.7
icon free,2074,16484,0.1258,3.5
cursor download,676,33343,0.0203,9.3
icons8 download,111,239,0.4644,2.9
icon pack,486,8406,0.0578,6.1
custom curser,114,5871,0.0194,5.7
custom cursor for windows,278,7605,0.0366,7.7
icon creator,221,2839,0.0778,6.6
icon maker free,97,527,0.1841,3.8
icons free,1876,13110,0.1431,3.2
8icon,322,785,0.4102,4.0
icons download,662,3394,0.1951,3.5
folder icon,214,10098,0.0212,3.8
icon svg,350,6146,0.0569,5.4
icon8 free icons,126,158,0.7975,1.0
icons for desktop,94,330,0.2848,3.3
folder icons,260,4248,0.0612,4.4
download favicon,184,755,0.2437,3.8
instagram logo,496,172680,0.0029,7.4
cursor icon,126,4539,0.0278,3.8
custom cursor,5204,299291,0.0174,5.2
phonepe,4938,23003,0.2147,3.2
custom icon,125,1227,0.1019,8.1
icons,15257,161928,0.0942,3.0
icon maker online,97,476,0.2038,3.7
favicon.ico,108,35338,0.0031,7.3
fake blue tick emoji copy and paste,6698,11238,0.596,1.1
gun emoji,2222,23473,0.0947,3.2
icon png free,107,974,0.1099,3.9
icon 8,2545,4401,0.5783,1.6
free png icons,186,1289,0.1443,5.3
kursor myszki do pobrania,89,209,0.4258,1.9
icon svg free,148,1485,0.0997,5.3
free svg icons,932,10078,0.0925,4.8
custom cursor download,487,6705,0.0726,6.1
faceswapper,216,12265,0.0176,6.6
free svg icons download,88,624,0.141,4.4
cursor custom,769,23235,0.0331,5.8
custom mouse cursor,333,8471,0.0393,8.0
desktop icons,485,3666,0.1323,6.0
icons download free,199,817,0.2436,3.2
icons 8,2549,5138,0.4961,2.3
favicon download,189,1558,0.1213,6.5
cursors,115,3409,0.0337,10.8
8 icon,186,369,0.5041,2.8
dot cursor,179,734,0.2439,2.3
free icons download for pc,180,583,0.3087,2.1
desktop icon,110,2220,0.0495,5.1
favicon icon,161,2950,0.0546,5.1
icons for website,106,1530,0.0693,4.2
ai icon,439,18002,0.0244,3.5
icons png,389,3964,0.0981,4.0
favicons,177,4224,0.0419,7.1
free svg icon,129,1355,0.0952,5.8
mac icons,100,2930,0.0341,8.8
